{
"overall":{
	"name": "Overall Scores", 
	"results":[
		{"team": "Nowhereville", "score": 42},
		{"team": "Everytown", "score": 45},
		{"team": "Bayside", "score": 49}]},
"boomilever":{
	"name": "Boomilever Event", 
	"results":[
		{"team":"Nowhereville", "students": "Deborah Marquez, Lewis Toller"},
		{"team":"Everytown", "students": "John Doe, Jane Doe"},
		{"team":"Menomonie", "students": "Evan Glodowski, John Kalafut, Nathan Cox, Jerry Pendleton"},
		{"team":"EauClaire", "students": "Firstname Lastname, Firstname Lastname"},
		{"team":"Madison", "students": "John Doe, Jane Doe"},
		{"team":"Bayside", "students": "Ryan Whitten, Wilma Isaacson, Johnnie Mellott"}]},
"chemistry-lab":{
	"name": "Chemistry Lab", 
	"results": null},
"dynamic-planet":{	
	"name": "Dynamic Planet", 
	"results":[
		{"team": "Nowhereville", "students": "Martin Drown, Ruthy Murry"},
		{"team": "Everytown", "students": "William Lippincott, Florence King, Debbie Bancroft, Keri Miller"},
		{"team": "Bayside"}]},
"TestingEvents1":{
	"name": "Testing Events1", 
	"results": null},
"TestingEvents2":{
	"name": "Testing Events2", 
	"results": null},
"TestingEvents3":{
	"name": "Testing Events3", 
	"results": null},
"TestingEvents4":{
	"name": "Testing Events4", 
	"results": null},
"TestingEvents5":{
	"name": "Testing Events5", 
	"results": null},
"TestingEvents6":{
	"name": "Testing Events6", 
	"results": null},
"TestingEvents7":{
	"name": "Testing Events7", 
	"results": null},
"TestingEvents8":{
	"name": "Testing Events8", 
	"results": null},
"TestingEvents9":{
	"name": "Testing Events9", 
	"results": null},
"TestingEvents10":{
	"name": "Testing Events10", 
	"results": null}
}